{"class_name": "Functional", "config": {"name": "model_22", "layers": [{"class_name": "InputLayer", "config": {"batch_input_shape": [null, 96, 96, 1], "dtype": "float32", "sparse": false, "ragged": false, "name": "input_25"}, "name": "input_25", "inbound_nodes": []}, {"class_name": "Conv2D", "config": {"name": "conv2d_196", "trainable": true, "dtype": "float32", "filters": 16, "kernel_size": [3, 3], "strides": [2, 2], "padding": "same", "data_format": "channels_last", "dilation_rate": [1, 1], "groups": 1, "activation": "linear", "use_bias": true, "kernel_initializer": {"class_name": "GlorotUniform", "config": {"seed": null}}, "bias_initializer": {"class_name": "Zeros", "config": {}}, "kernel_regularizer": null, "bias_regularizer": null, "activity_regularizer": null, "kernel_constraint": null, "bias_constraint": null}, "name": "conv2d_196", "inbound_nodes": [[["input_25", 0, 0, {}]]]}, {"class_name": "BatchNormalization", "config": {"name": "batch_normalization_378", "trainable": true, "dtype": "float32", "axis": [3], "momentum": 0.99, "epsilon": 0.001, "center": true, "scale": true, "beta_initializer": {"class_name": "Zeros", "config": {}}, "gamma_initializer": {"class_name": "Ones", "config": {}}, "moving_mean_initializer": {"class_name": "Zeros", "config": {}}, "moving_variance_initializer": {"class_name": "Ones", "config": {}}, "beta_regularizer": null, "gamma_regularizer": null, "beta_constraint": null, "gamma_constraint": null}, "name": "batch_normalization_378", "inbound_nodes": [[["conv2d_196", 0, 0, {}]]]}, {"class_name": "Activation", "config": {"name": "activation_378", "trainable": true, "dtype": "float32", "activation": "swish"}, "name": "activation_378", "inbound_nodes": [[["batch_normalization_378", 0, 0, {}]]]}, {"class_name": "DepthwiseConv2D", "config": {"name": "depthwise_conv2d_168", "trainable": true, "dtype": "float32", "kernel_size": [3, 3], "strides": [1, 1], "padding": "same", "data_format": "channels_last", "dilation_rate": [1, 1], "groups": 1, "activation": "linear", "use_bias": true, "bias_initializer": {"class_name": "Zeros", "config": {}}, "bias_regularizer": null, "activity_regularizer": null, "bias_constraint": null, "depth_multiplier": 1, "depthwise_initializer": {"class_name": "GlorotUniform", "config": {"seed": null}}, "depthwise_regularizer": null, "depthwise_constraint": null}, "name": "depthwise_conv2d_168", "inbound_nodes": [[["activation_378", 0, 0, {}]]]}, {"class_name": "BatchNormalization", "config": {"name": "batch_normalization_379", "trainable": true, "dtype": "float32", "axis": [3], "momentum": 0.99, "epsilon": 0.001, "center": true, "scale": true, "beta_initializer": {"class_name": "Zeros", "config": {}}, "gamma_initializer": {"class_name": "Ones", "config": {}}, "moving_mean_initializer": {"class_name": "Zeros", "config": {}}, "moving_variance_initializer": {"class_name": "Ones", "config": {}}, "beta_regularizer": null, "gamma_regularizer": null, "beta_constraint": null, "gamma_constraint": null}, "name": "batch_normalization_379", "inbound_nodes": [[["depthwise_conv2d_168", 0, 0, {}]]]}, {"class_name": "Activation", "config": {"name": "activation_379", "trainable": true, "dtype": "float32", "activation": "swish"}, "name": "activation_379", "inbound_nodes": [[["batch_normalization_379", 0, 0, {}]]]}, {"class_name": "Conv2D", "config": {"name": "conv2d_197", "trainable": true, "dtype": "float32", "filters": 32, "kernel_size": [1, 1], "strides": [2, 2], "padding": "same", "data_format": "channels_last", "dilation_rate": [1, 1], "groups": 1, "activation": "linear", "use_bias": true, "kernel_initializer": {"class_name": "GlorotUniform", "config": {"seed": null}}, "bias_initializer": {"class_name": "Zeros", "config": {}}, "kernel_regularizer": null, "bias_regularizer": null, "activity_regularizer": null, "kernel_constraint": null, "bias_constraint": null}, "name": "conv2d_197", "inbound_nodes": [[["activation_379", 0, 0, {}]]]}, {"class_name": "BatchNormalization", "config": {"name": "batch_normalization_380", "trainable": true, "dtype": "float32", "axis": [3], "momentum": 0.99, "epsilon": 0.001, "center": true, "scale": true, "beta_initializer": {"class_name": "Zeros", "config": {}}, "gamma_initializer": {"class_name": "Ones", "config": {}}, "moving_mean_initializer": {"class_name": "Zeros", "config": {}}, "moving_variance_initializer": {"class_name": "Ones", "config": {}}, "beta_regularizer": null, "gamma_regularizer": null, "beta_constraint": null, "gamma_constraint": null}, "name": "batch_normalization_380", "inbound_nodes": [[["conv2d_197", 0, 0, {}]]]}, {"class_name": "Activation", "config": {"name": "activation_380", "trainable": true, "dtype": "float32", "activation": "swish"}, "name": "activation_380", "inbound_nodes": [[["batch_normalization_380", 0, 0, {}]]]}, {"class_name": "Dropout", "config": {"name": "dropout_64", "trainable": true, "dtype": "float32", "rate": 0.25, "noise_shape": null, "seed": null}, "name": "dropout_64", "inbound_nodes": [[["activation_380", 0, 0, {}]]]}, {"class_name": "DepthwiseConv2D", "config": {"name": "depthwise_conv2d_169", "trainable": true, "dtype": "float32", "kernel_size": [3, 3], "strides": [1, 1], "padding": "same", "data_format": "channels_last", "dilation_rate": [1, 1], "groups": 1, "activation": "linear", "use_bias": true, "bias_initializer": {"class_name": "Zeros", "config": {}}, "bias_regularizer": null, "activity_regularizer": null, "bias_constraint": null, "depth_multiplier": 1, "depthwise_initializer": {"class_name": "GlorotUniform", "config": {"seed": null}}, "depthwise_regularizer": null, "depthwise_constraint": null}, "name": "depthwise_conv2d_169", "inbound_nodes": [[["dropout_64", 0, 0, {}]]]}, {"class_name": "BatchNormalization", "config": {"name": "batch_normalization_381", "trainable": true, "dtype": "float32", "axis": [3], "momentum": 0.99, "epsilon": 0.001, "center": true, "scale": true, "beta_initializer": {"class_name": "Zeros", "config": {}}, "gamma_initializer": {"class_name": "Ones", "config": {}}, "moving_mean_initializer": {"class_name": "Zeros", "config": {}}, "moving_variance_initializer": {"class_name": "Ones", "config": {}}, "beta_regularizer": null, "gamma_regularizer": null, "beta_constraint": null, "gamma_constraint": null}, "name": "batch_normalization_381", "inbound_nodes": [[["depthwise_conv2d_169", 0, 0, {}]]]}, {"class_name": "Activation", "config": {"name": "activation_381", "trainable": true, "dtype": "float32", "activation": "swish"}, "name": "activation_381", "inbound_nodes": [[["batch_normalization_381", 0, 0, {}]]]}, {"class_name": "Conv2D", "config": {"name": "conv2d_198", "trainable": true, "dtype": "float32", "filters": 64, "kernel_size": [1, 1], "strides": [1, 1], "padding": "same", "data_format": "channels_last", "dilation_rate": [1, 1], "groups": 1, "activation": "linear", "use_bias": true, "kernel_initializer": {"class_name": "GlorotUniform", "config": {"seed": null}}, "bias_initializer": {"class_name": "Zeros", "config": {}}, "kernel_regularizer": null, "bias_regularizer": null, "activity_regularizer": null, "kernel_constraint": null, "bias_constraint": null}, "name": "conv2d_198", "inbound_nodes": [[["activation_381", 0, 0, {}]]]}, {"class_name": "BatchNormalization", "config": {"name": "batch_normalization_382", "trainable": true, "dtype": "float32", "axis": [3], "momentum": 0.99, "epsilon": 0.001, "center": true, "scale": true, "beta_initializer": {"class_name": "Zeros", "config": {}}, "gamma_initializer": {"class_name": "Ones", "config": {}}, "moving_mean_initializer": {"class_name": "Zeros", "config": {}}, "moving_variance_initializer": {"class_name": "Ones", "config": {}}, "beta_regularizer": null, "gamma_regularizer": null, "beta_constraint": null, "gamma_constraint": null}, "name": "batch_normalization_382", "inbound_nodes": [[["conv2d_198", 0, 0, {}]]]}, {"class_name": "Activation", "config": {"name": "activation_382", "trainable": true, "dtype": "float32", "activation": "swish"}, "name": "activation_382", "inbound_nodes": [[["batch_normalization_382", 0, 0, {}]]]}, {"class_name": "DepthwiseConv2D", "config": {"name": "depthwise_conv2d_170", "trainable": true, "dtype": "float32", "kernel_size": [3, 3], "strides": [1, 1], "padding": "same", "data_format": "channels_last", "dilation_rate": [1, 1], "groups": 1, "activation": "linear", "use_bias": true, "bias_initializer": {"class_name": "Zeros", "config": {}}, "bias_regularizer": null, "activity_regularizer": null, "bias_constraint": null, "depth_multiplier": 1, "depthwise_initializer": {"class_name": "GlorotUniform", "config": {"seed": null}}, "depthwise_regularizer": null, "depthwise_constraint": null}, "name": "depthwise_conv2d_170", "inbound_nodes": [[["activation_382", 0, 0, {}]]]}, {"class_name": "BatchNormalization", "config": {"name": "batch_normalization_383", "trainable": true, "dtype": "float32", "axis": [3], "momentum": 0.99, "epsilon": 0.001, "center": true, "scale": true, "beta_initializer": {"class_name": "Zeros", "config": {}}, "gamma_initializer": {"class_name": "Ones", "config": {}}, "moving_mean_initializer": {"class_name": "Zeros", "config": {}}, "moving_variance_initializer": {"class_name": "Ones", "config": {}}, "beta_regularizer": null, "gamma_regularizer": null, "beta_constraint": null, "gamma_constraint": null}, "name": "batch_normalization_383", "inbound_nodes": [[["depthwise_conv2d_170", 0, 0, {}]]]}, {"class_name": "Activation", "config": {"name": "activation_383", "trainable": true, "dtype": "float32", "activation": "swish"}, "name": "activation_383", "inbound_nodes": [[["batch_normalization_383", 0, 0, {}]]]}, {"class_name": "Conv2D", "config": {"name": "conv2d_199", "trainable": true, "dtype": "float32", "filters": 64, "kernel_size": [1, 1], "strides": [2, 2], "padding": "same", "data_format": "channels_last", "dilation_rate": [1, 1], "groups": 1, "activation": "linear", "use_bias": true, "kernel_initializer": {"class_name": "GlorotUniform", "config": {"seed": null}}, "bias_initializer": {"class_name": "Zeros", "config": {}}, "kernel_regularizer": null, "bias_regularizer": null, "activity_regularizer": null, "kernel_constraint": null, "bias_constraint": null}, "name": "conv2d_199", "inbound_nodes": [[["activation_383", 0, 0, {}]]]}, {"class_name": "BatchNormalization", "config": {"name": "batch_normalization_384", "trainable": true, "dtype": "float32", "axis": [3], "momentum": 0.99, "epsilon": 0.001, "center": true, "scale": true, "beta_initializer": {"class_name": "Zeros", "config": {}}, "gamma_initializer": {"class_name": "Ones", "config": {}}, "moving_mean_initializer": {"class_name": "Zeros", "config": {}}, "moving_variance_initializer": {"class_name": "Ones", "config": {}}, "beta_regularizer": null, "gamma_regularizer": null, "beta_constraint": null, "gamma_constraint": null}, "name": "batch_normalization_384", "inbound_nodes": [[["conv2d_199", 0, 0, {}]]]}, {"class_name": "Activation", "config": {"name": "activation_384", "trainable": true, "dtype": "float32", "activation": "swish"}, "name": "activation_384", "inbound_nodes": [[["batch_normalization_384", 0, 0, {}]]]}, {"class_name": "Dropout", "config": {"name": "dropout_65", "trainable": true, "dtype": "float32", "rate": 0.25, "noise_shape": null, "seed": null}, "name": "dropout_65", "inbound_nodes": [[["activation_384", 0, 0, {}]]]}, {"class_name": "DepthwiseConv2D", "config": {"name": "depthwise_conv2d_171", "trainable": true, "dtype": "float32", "kernel_size": [3, 3], "strides": [1, 1], "padding": "same", "data_format": "channels_last", "dilation_rate": [1, 1], "groups": 1, "activation": "linear", "use_bias": true, "bias_initializer": {"class_name": "Zeros", "config": {}}, "bias_regularizer": null, "activity_regularizer": null, "bias_constraint": null, "depth_multiplier": 1, "depthwise_initializer": {"class_name": "GlorotUniform", "config": {"seed": null}}, "depthwise_regularizer": null, "depthwise_constraint": null}, "name": "depthwise_conv2d_171", "inbound_nodes": [[["dropout_65", 0, 0, {}]]]}, {"class_name": "BatchNormalization", "config": {"name": "batch_normalization_385", "trainable": true, "dtype": "float32", "axis": [3], "momentum": 0.99, "epsilon": 0.001, "center": true, "scale": true, "beta_initializer": {"class_name": "Zeros", "config": {}}, "gamma_initializer": {"class_name": "Ones", "config": {}}, "moving_mean_initializer": {"class_name": "Zeros", "config": {}}, "moving_variance_initializer": {"class_name": "Ones", "config": {}}, "beta_regularizer": null, "gamma_regularizer": null, "beta_constraint": null, "gamma_constraint": null}, "name": "batch_normalization_385", "inbound_nodes": [[["depthwise_conv2d_171", 0, 0, {}]]]}, {"class_name": "Activation", "config": {"name": "activation_385", "trainable": true, "dtype": "float32", "activation": "swish"}, "name": "activation_385", "inbound_nodes": [[["batch_normalization_385", 0, 0, {}]]]}, {"class_name": "Conv2D", "config": {"name": "conv2d_200", "trainable": true, "dtype": "float32", "filters": 128, "kernel_size": [1, 1], "strides": [1, 1], "padding": "same", "data_format": "channels_last", "dilation_rate": [1, 1], "groups": 1, "activation": "linear", "use_bias": true, "kernel_initializer": {"class_name": "GlorotUniform", "config": {"seed": null}}, "bias_initializer": {"class_name": "Zeros", "config": {}}, "kernel_regularizer": null, "bias_regularizer": null, "activity_regularizer": null, "kernel_constraint": null, "bias_constraint": null}, "name": "conv2d_200", "inbound_nodes": [[["activation_385", 0, 0, {}]]]}, {"class_name": "BatchNormalization", "config": {"name": "batch_normalization_386", "trainable": true, "dtype": "float32", "axis": [3], "momentum": 0.99, "epsilon": 0.001, "center": true, "scale": true, "beta_initializer": {"class_name": "Zeros", "config": {}}, "gamma_initializer": {"class_name": "Ones", "config": {}}, "moving_mean_initializer": {"class_name": "Zeros", "config": {}}, "moving_variance_initializer": {"class_name": "Ones", "config": {}}, "beta_regularizer": null, "gamma_regularizer": null, "beta_constraint": null, "gamma_constraint": null}, "name": "batch_normalization_386", "inbound_nodes": [[["conv2d_200", 0, 0, {}]]]}, {"class_name": "Activation", "config": {"name": "activation_386", "trainable": true, "dtype": "float32", "activation": "swish"}, "name": "activation_386", "inbound_nodes": [[["batch_normalization_386", 0, 0, {}]]]}, {"class_name": "DepthwiseConv2D", "config": {"name": "depthwise_conv2d_172", "trainable": true, "dtype": "float32", "kernel_size": [3, 3], "strides": [1, 1], "padding": "same", "data_format": "channels_last", "dilation_rate": [1, 1], "groups": 1, "activation": "linear", "use_bias": true, "bias_initializer": {"class_name": "Zeros", "config": {}}, "bias_regularizer": null, "activity_regularizer": null, "bias_constraint": null, "depth_multiplier": 1, "depthwise_initializer": {"class_name": "GlorotUniform", "config": {"seed": null}}, "depthwise_regularizer": null, "depthwise_constraint": null}, "name": "depthwise_conv2d_172", "inbound_nodes": [[["activation_386", 0, 0, {}]]]}, {"class_name": "BatchNormalization", "config": {"name": "batch_normalization_387", "trainable": true, "dtype": "float32", "axis": [3], "momentum": 0.99, "epsilon": 0.001, "center": true, "scale": true, "beta_initializer": {"class_name": "Zeros", "config": {}}, "gamma_initializer": {"class_name": "Ones", "config": {}}, "moving_mean_initializer": {"class_name": "Zeros", "config": {}}, "moving_variance_initializer": {"class_name": "Ones", "config": {}}, "beta_regularizer": null, "gamma_regularizer": null, "beta_constraint": null, "gamma_constraint": null}, "name": "batch_normalization_387", "inbound_nodes": [[["depthwise_conv2d_172", 0, 0, {}]]]}, {"class_name": "Activation", "config": {"name": "activation_387", "trainable": true, "dtype": "float32", "activation": "swish"}, "name": "activation_387", "inbound_nodes": [[["batch_normalization_387", 0, 0, {}]]]}, {"class_name": "Conv2D", "config": {"name": "conv2d_201", "trainable": true, "dtype": "float32", "filters": 128, "kernel_size": [1, 1], "strides": [1, 1], "padding": "same", "data_format": "channels_last", "dilation_rate": [1, 1], "groups": 1, "activation": "linear", "use_bias": true, "kernel_initializer": {"class_name": "GlorotUniform", "config": {"seed": null}}, "bias_initializer": {"class_name": "Zeros", "config": {}}, "kernel_regularizer": null, "bias_regularizer": null, "activity_regularizer": null, "kernel_constraint": null, "bias_constraint": null}, "name": "conv2d_201", "inbound_nodes": [[["activation_387", 0, 0, {}]]]}, {"class_name": "BatchNormalization", "config": {"name": "batch_normalization_388", "trainable": true, "dtype": "float32", "axis": [3], "momentum": 0.99, "epsilon": 0.001, "center": true, "scale": true, "beta_initializer": {"class_name": "Zeros", "config": {}}, "gamma_initializer": {"class_name": "Ones", "config": {}}, "moving_mean_initializer": {"class_name": "Zeros", "config": {}}, "moving_variance_initializer": {"class_name": "Ones", "config": {}}, "beta_regularizer": null, "gamma_regularizer": null, "beta_constraint": null, "gamma_constraint": null}, "name": "batch_normalization_388", "inbound_nodes": [[["conv2d_201", 0, 0, {}]]]}, {"class_name": "Activation", "config": {"name": "activation_388", "trainable": true, "dtype": "float32", "activation": "swish"}, "name": "activation_388", "inbound_nodes": [[["batch_normalization_388", 0, 0, {}]]]}, {"class_name": "DepthwiseConv2D", "config": {"name": "depthwise_conv2d_173", "trainable": true, "dtype": "float32", "kernel_size": [3, 3], "strides": [1, 1], "padding": "same", "data_format": "channels_last", "dilation_rate": [1, 1], "groups": 1, "activation": "linear", "use_bias": true, "bias_initializer": {"class_name": "Zeros", "config": {}}, "bias_regularizer": null, "activity_regularizer": null, "bias_constraint": null, "depth_multiplier": 1, "depthwise_initializer": {"class_name": "GlorotUniform", "config": {"seed": null}}, "depthwise_regularizer": null, "depthwise_constraint": null}, "name": "depthwise_conv2d_173", "inbound_nodes": [[["activation_388", 0, 0, {}]]]}, {"class_name": "BatchNormalization", "config": {"name": "batch_normalization_389", "trainable": true, "dtype": "float32", "axis": [3], "momentum": 0.99, "epsilon": 0.001, "center": true, "scale": true, "beta_initializer": {"class_name": "Zeros", "config": {}}, "gamma_initializer": {"class_name": "Ones", "config": {}}, "moving_mean_initializer": {"class_name": "Zeros", "config": {}}, "moving_variance_initializer": {"class_name": "Ones", "config": {}}, "beta_regularizer": null, "gamma_regularizer": null, "beta_constraint": null, "gamma_constraint": null}, "name": "batch_normalization_389", "inbound_nodes": [[["depthwise_conv2d_173", 0, 0, {}]]]}, {"class_name": "Activation", "config": {"name": "activation_389", "trainable": true, "dtype": "float32", "activation": "swish"}, "name": "activation_389", "inbound_nodes": [[["batch_normalization_389", 0, 0, {}]]]}, {"class_name": "Conv2D", "config": {"name": "conv2d_202", "trainable": true, "dtype": "float32", "filters": 128, "kernel_size": [1, 1], "strides": [2, 2], "padding": "same", "data_format": "channels_last", "dilation_rate": [1, 1], "groups": 1, "activation": "linear", "use_bias": true, "kernel_initializer": {"class_name": "GlorotUniform", "config": {"seed": null}}, "bias_initializer": {"class_name": "Zeros", "config": {}}, "kernel_regularizer": null, "bias_regularizer": null, "activity_regularizer": null, "kernel_constraint": null, "bias_constraint": null}, "name": "conv2d_202", "inbound_nodes": [[["activation_389", 0, 0, {}]]]}, {"class_name": "BatchNormalization", "config": {"name": "batch_normalization_390", "trainable": true, "dtype": "float32", "axis": [3], "momentum": 0.99, "epsilon": 0.001, "center": true, "scale": true, "beta_initializer": {"class_name": "Zeros", "config": {}}, "gamma_initializer": {"class_name": "Ones", "config": {}}, "moving_mean_initializer": {"class_name": "Zeros", "config": {}}, "moving_variance_initializer": {"class_name": "Ones", "config": {}}, "beta_regularizer": null, "gamma_regularizer": null, "beta_constraint": null, "gamma_constraint": null}, "name": "batch_normalization_390", "inbound_nodes": [[["conv2d_202", 0, 0, {}]]]}, {"class_name": "Activation", "config": {"name": "activation_390", "trainable": true, "dtype": "float32", "activation": "swish"}, "name": "activation_390", "inbound_nodes": [[["batch_normalization_390", 0, 0, {}]]]}, {"class_name": "Dropout", "config": {"name": "dropout_66", "trainable": true, "dtype": "float32", "rate": 0.25, "noise_shape": null, "seed": null}, "name": "dropout_66", "inbound_nodes": [[["activation_390", 0, 0, {}]]]}, {"class_name": "TFOpLambda", "config": {"name": "tf.math.reduce_mean_21", "trainable": true, "dtype": "float32", "function": "math.reduce_mean"}, "name": "tf.math.reduce_mean_21", "inbound_nodes": [["dropout_66", 0, 0, {"axis": 2}]]}, {"class_name": "TFOpLambda", "config": {"name": "tf.math.reduce_mean_20", "trainable": true, "dtype": "float32", "function": "math.reduce_mean"}, "name": "tf.math.reduce_mean_20", "inbound_nodes": [["dropout_66", 0, 0, {"axis": 1}]]}, {"class_name": "Conv1D", "config": {"name": "conv1d_15", "trainable": true, "dtype": "float32", "filters": 15, "kernel_size": [1], "strides": [1], "padding": "same", "data_format": "channels_last", "dilation_rate": [1], "groups": 1, "activation": "linear", "use_bias": true, "kernel_initializer": {"class_name": "GlorotUniform", "config": {"seed": null}}, "bias_initializer": {"class_name": "Zeros", "config": {}}, "kernel_regularizer": null, "bias_regularizer": null, "activity_regularizer": null, "kernel_constraint": null, "bias_constraint": null}, "name": "conv1d_15", "inbound_nodes": [[["tf.math.reduce_mean_21", 0, 0, {}]]]}, {"class_name": "Conv1D", "config": {"name": "conv1d_14", "trainable": true, "dtype": "float32", "filters": 15, "kernel_size": [1], "strides": [1], "padding": "same", "data_format": "channels_last", "dilation_rate": [1], "groups": 1, "activation": "linear", "use_bias": true, "kernel_initializer": {"class_name": "GlorotUniform", "config": {"seed": null}}, "bias_initializer": {"class_name": "Zeros", "config": {}}, "kernel_regularizer": null, "bias_regularizer": null, "activity_regularizer": null, "kernel_constraint": null, "bias_constraint": null}, "name": "conv1d_14", "inbound_nodes": [[["tf.math.reduce_mean_20", 0, 0, {}]]]}, {"class_name": "BatchNormalization", "config": {"name": "batch_normalization_392", "trainable": true, "dtype": "float32", "axis": [2], "momentum": 0.99, "epsilon": 0.001, "center": true, "scale": true, "beta_initializer": {"class_name": "Zeros", "config": {}}, "gamma_initializer": {"class_name": "Ones", "config": {}}, "moving_mean_initializer": {"class_name": "Zeros", "config": {}}, "moving_variance_initializer": {"class_name": "Ones", "config": {}}, "beta_regularizer": null, "gamma_regularizer": null, "beta_constraint": null, "gamma_constraint": null}, "name": "batch_normalization_392", "inbound_nodes": [[["conv1d_15", 0, 0, {}]]]}, {"class_name": "BatchNormalization", "config": {"name": "batch_normalization_391", "trainable": true, "dtype": "float32", "axis": [2], "momentum": 0.99, "epsilon": 0.001, "center": true, "scale": true, "beta_initializer": {"class_name": "Zeros", "config": {}}, "gamma_initializer": {"class_name": "Ones", "config": {}}, "moving_mean_initializer": {"class_name": "Zeros", "config": {}}, "moving_variance_initializer": {"class_name": "Ones", "config": {}}, "beta_regularizer": null, "gamma_regularizer": null, "beta_constraint": null, "gamma_constraint": null}, "name": "batch_normalization_391", "inbound_nodes": [[["conv1d_14", 0, 0, {}]]]}, {"class_name": "Activation", "config": {"name": "activation_392", "trainable": true, "dtype": "float32", "activation": "sigmoid"}, "name": "activation_392", "inbound_nodes": [[["batch_normalization_392", 0, 0, {}]]]}, {"class_name": "Activation", "config": {"name": "activation_391", "trainable": true, "dtype": "float32", "activation": "sigmoid"}, "name": "activation_391", "inbound_nodes": [[["batch_normalization_391", 0, 0, {}]]]}, {"class_name": "GlobalAveragePooling1D", "config": {"name": "global_average_pooling1d_17", "trainable": true, "dtype": "float32", "data_format": "channels_last"}, "name": "global_average_pooling1d_17", "inbound_nodes": [[["activation_392", 0, 0, {}]]]}, {"class_name": "GlobalAveragePooling1D", "config": {"name": "global_average_pooling1d_16", "trainable": true, "dtype": "float32", "data_format": "channels_last"}, "name": "global_average_pooling1d_16", "inbound_nodes": [[["activation_391", 0, 0, {}]]]}, {"class_name": "Reshape", "config": {"name": "reshape_17", "trainable": true, "dtype": "float32", "target_shape": [15, 1]}, "name": "reshape_17", "inbound_nodes": [[["global_average_pooling1d_17", 0, 0, {}]]]}, {"class_name": "Reshape", "config": {"name": "reshape_16", "trainable": true, "dtype": "float32", "target_shape": [15, 1]}, "name": "reshape_16", "inbound_nodes": [[["global_average_pooling1d_16", 0, 0, {}]]]}, {"class_name": "Concatenate", "config": {"name": "concatenate_6", "trainable": true, "dtype": "float32", "axis": -1}, "name": "concatenate_6", "inbound_nodes": [[["reshape_17", 0, 0, {}], ["reshape_16", 0, 0, {}]]]}, {"class_name": "Reshape", "config": {"name": "reshape_18", "trainable": true, "dtype": "float32", "target_shape": [30]}, "name": "reshape_18", "inbound_nodes": [[["concatenate_6", 0, 0, {}]]]}], "input_layers": [["input_25", 0, 0]], "output_layers": [["reshape_18", 0, 0]]}, "keras_version": "2.4.0", "backend": "tensorflow"}